,Brand,Manufacturer,Item Weight,Country of Origin,Item model number,Batteries,Color,Battery Capacity,rating,price,ASIN,Date First Available,Memory Storage Capacity,Standing screen display size,Ram Memory Installed Size,Product Dimensions,RAM,OS,Connectivity technologies,Other display features,Other camera features,Form Factor,Whats in the box,Weight,Charging Time,
0,OnePlus Nord N30 5G | Unlocked Dual-SIM Android Smart Phone | 6.7" LCD Display | 8 +128GB | 5000 mAh Battery | 50W Fast Charging | 108MP Camera | Chromatic Gray,?OnePlus,?1.04 pounds,?China,?CPH2513,?1 Lithium Ion batteries required. (included),?Chromatic Gray,?5000,4.34.3,299,,,,,,,,,,,,,,,,
1,SAMSUNG Galaxy S23+ Plus Cell Phone,SAMSUNG,196 Grams,Vietnam,SM-S916UZGAXAA,1 Lithium Ion batteries required. (included),,4700 Milliamp Hours,4.64.6,999,B0BLP46D6W,1-Feb-23,256 GB,6.6 Inches,8 Gigabytes Per Second,,,,,,,,,,,
2,Motorola Moto G Stylus 5G | 2021 | 2-Day Battery | Unlocked | Made for US 4/128GB | 48MP Camera | Cosmic Emerald,Motorola,0.01 Pounds,China,PAN00015US,,,5000,4.34.3,149,B0BFYRV4CD,20-Sep-22,4 GB,6.8 Inches,4 GB,6.64 x 2.98 x 0.36 inches,,,,,,,,,,
3,Moto G Play 2023 3-Day Battery Unlocked Made for US 3/32GB 16MP Camera Navy Blue,,,,,,,,4.14.1,109,,,,?6.5 Inches,,,?3 GB,,,,,,,,,
4,Motorola Moto G Stylus | 2022 | 2-Day battery | Unlocked| Made for US by Motorola | 6/128GB | 50MP Camera | Twilight Blue,Motorola,216 Grams,China,PAT40001US,,,5000 Milliamp Hours,4.34.3,129,B09PFC2DVD,3-Feb-22,6 GB,6.8 Inches,6 GB,6.69 x 2.99 x 0.35 inches,,,,,,,,,,
5,BLU G61S | 2023 | 3-Day Battery | Unlocked| 6.5” HD+ Display | US Warranty| 64/4GB | (Bronze),BLU,5.8 ounces,,G0630WW,1 Lithium Ion batteries required. (included),Bronze,5000 Milliamp Hours,4.04.0,,B0BCH4FL86,30-Aug-22,64 GB,6.5 Inches,4 GB,9.25 x 6.75 x 3.25 inches,4,Android 11.0,Wi-Fi,Wireless,Front,Smartphone,"Adapter, Phone Case",0.36 Pounds,,
6,SAMSUNG Galaxy Z Fold 4 Cell Phone,Samsung,9.3 ounces,,,,Graygreen,4400 Milliamp Hours,4.64.6,575,B0B7RC5GJ7,10-Aug-22,512 GB,7.6 Inches,12 GB,,,Android,"Bluetooth, USB",Wireless,"Rear, Front",Fold,"SIM Card Ejector, USB Cable",263 Grams,83 minutes,
7,Total by Verizon TCL 30 Z,ALCATEL,12.8 ounces,China,TVALT602DCP,1 Lithium Ion batteries required. (included),BLACK,3 Milliamp Hours,4.14.1,39,B0BBXBXCFC,26-Sep-22,32 GB,6.1 Inches,3 GB,1.5 x 6.31 x 8.25 inches,3 GB,Android 12.0,"Bluetooth, Wi-Fi, USB",Wireless,"Rear, Front",Smartphone,"User Manual, Service Guide, Charger, USB Cable",0.8 Pounds,,
8,SAMSUNG Galaxy A54 5G A Series Cell Phone,SAMSUNG,202 Grams,Vietnam,SM-A546ULVBXAA,1 Lithium Ion batteries required. (included),,4.9,4.64.6,399,B0BSLRXF1H,"April 6, 2023",128 GB,6.4 Inches,6 GB,0.32 x 3.02 x 6.23 inches,,,,,,,,,,
9,Motorola Moto G 5G | 2023 | Unlocked | Made for US 4/128GB | 48 MPCamera | Harbor Gray,Motorola,189 Grams,China,PAXD0011US,,,5000,4.14.1,199,B0C2SP2L4K,25-May-23,4 GB,6.5 Inches,6 GB,6.45 x 2.95 x 0.33 inches,,,,,,,,,,
10,Tracfone Samsung Galaxy A03s,Samsung,0.6 Pounds,China,TFSAS134DCP,1 Lithium Ion batteries required. (included),,5000,4.24.2,49,B09T2JFWKR,21-Feb-22,32 GB,6.5 Inches,3 GB,0.35 x 2.98 x 6.52 inches,,,,,,,,,,
11,Nokia G100 | Verizon,HMD Global Oy,6.8 ounces,China,TA-1430,1 Lithium Ion batteries required. (included),Polar Night,5000,3.23.2,169,B0BBWGQRKR,25-Aug-22,3 GB,6.52 Inches,3 GB,6.5 x 3 x 0.4 inches,3 GB,Android 12.0,"Bluetooth, Wi-Fi, USB",Wireless,"Rear, Front",Slate,"Power Adapter, SIM Tray Ejector, USB Cable",6.8 Ounces,3 Hours,
12,SAMSUNG Galaxy A14 5G A Series Cell Phone,SAMSUNG,204 Grams,Vietnam,SM-A146UZKDXAA,1 Lithium Ion batteries required. (included),,5000,4.24.2,199,B0BLW47H3M,27-Jan-23,64 GB,6.6 Inches,4 GB,0.36 x 3.1 x 6.6 inches,,,,,,,,,142 minutes,
13,Simple Mobile Motorola Moto g Power,MOTOROLA INC,0.8 Pounds,China,SMMTXT2165DCP,1 Lithium Polymer batteries required. (included),,5000,4.14.1,69,B0BHF39GQD,5-Oct-22,128 GB,6.52 Inches,4 GB,2.04 x 6.31 x 8.25 inches,,,,,,,,,,
14,Tracfone Motorola moto g Pure (2021),Motorola,188 Grams,China,TFMTXT2163DCP,1 Lithium Ion batteries required. (included),,4000 Milliamp Hours,4.34.3,49,B09NWDJQ78,20-Dec-21,32 GB,6.5 Inches,3 GB,6.51 x 2.97 x 0.35 inches,,,,,,,,,150 minutes,
15,SAMSUNG Galaxy Z Flip 5 Cell Phone + Storage Upgrade + $150 Amazon Gift Card,Samsung,,,,,,,,449,B0CCC135GH,26-Jul-23,,,,,,,,,,,,,,
16,Nokia C300 | Verizon,HMD Global Oy,6.7 ounces,China,TA-1515,1 Lithium Polymer batteries required. (included),Ocean Blue,,5.05.0,139,B0C92C436C,26-Jun-23,3 GB,6.52 Inches,3 GB,6.56 x 3.02 x 0.34 inches,3 GB,Android 12.0,"Bluetooth, Wi-Fi, USB",Wireless,"Rear, Front",Slate,"Power Adapter, SIM Tray Ejector, USB Cable",6.7 Ounces,3 Hours,
17,Motorola Moto G Stylus | 2023 | Unlocked | Made for US 4/64GB | 50 MP Camera | Midnight Blue,Motorola,6.9 ounces,China,PAXW0002US,1 Lithium Ion batteries required. (included),Blue,,4.54.5,169,B0BYLRBG4M,"April 27, 2023",6 GB,6.5 Inches,4 GB,6.41 x 2.92 x 0.36 inches,4 GB,Android 13.0,"Bluetooth, Wi-Fi, USB Type C",Wireless,"Rear, Front",Slate,"Power Adapter, SIM Tray Ejector, Stylus Pen, USB Cable",195 Grams,,
18,Simple Mobile Samsung Galaxy A03s,SAMSUNG,12.8 ounces,China,SMSAS134DCP,1 Lithium Ion batteries required. (included),BLACK,5 Milliamp Hours,4.14.1,49,B0BBXD7S5R,25-Aug-22,32 GB,6.51 Inches,3 GB,2.04 x 6.31 x 8.25 inches,3 GB,Android 11.0,"Bluetooth, Wi-Fi, USB",Wireless,"Rear, Front",Smartphone,"User Manual, Service Guide, Charger, USB Cable",0.8 Pounds,218 minutes,
19,TracFone BLU View 2 (2022) 4G LTE,BLU,0.141 ounces,China,TFBLB131DCP,1 Lithium Ion batteries required. (included),Black,3000,4.04.0,29,B09XFJY4N4,15-May-22,32 GB,5.5 Inches,3 GB,2.81 x 0.74 x 6.5 inches,13 GB,Android 11.0,Wi-Fi,Wireless,"Rear, Front",Smartphone,"Phone, Charger, Activation Guide, Cable",0.14 Ounces,,
20,Nokia G10 | Android 11 | Unlocked Smartphone | 3-Day Battery | Dual SIM | US Version | 3/32GB | 6.52-Inch Screen | 13MP Triple Camera | Dusk,HMD Global Oy,6.8 Ounces,China,TA-1338,1 Lithium Ion batteries required. (included),,5050 Milliamp Hours,3.63.6,99,B093QPJSKJ,14-Jun-21,512 GB,6.52 Inches,3 GB,6.49 x 2.99 x 0.36 inches,,,,,,,,,3 Hours,
21,Nokia G50 5G | Android 11 | Unlocked Smartphone | US Version | 4/128GB | 6.82-Inch Screen | 48MP Triple Camera | Ocean Blue,HMD Global Oy,6.7 ounces,China,TA-1390,1 Lithium Polymer batteries required. (included),Ocean Blue,5000 Milliamp Hours,3.73.7,199,B09GW969LH,22-Sep-21,128 GB,6.82 Inches,512 GB,6.85 x 3.05 x 0.35 inches,4 GB,Android 11.0,"Bluetooth, Wi-Fi, USB, NFC",Wireless,"Rear, Front",Slate,"SIM Tray Ejector, Screen Protector, USB Cable",6.7 Ounces,3 Hours,
22,SAMSUNG Galaxy S22 Ultra Cell Phone,Samsung Electronincs,8.04 Ounces,Vietnam,SM-S908UZKEXAA,1 Lithium Ion batteries required. (included),,5000 Milliamp Hours,4.64.6,799,B09MW19JW2,9-Feb-22,256 GB,6.8 Inches,12 GB,6.43 x 3.07 x 0.35 inches,,,,,,,,,59 minutes,
23,Tracfone Motorola moto g Pure (2021),Motorola,188 Grams,China,TFMTXT2163DCP,1 Lithium Ion batteries required. (included),,4000 Milliamp Hours,4.34.3,49,B09NWDJQ78,20-Dec-21,32 GB,6.5 Inches,3 GB,6.51 x 2.97 x 0.35 inches,,,,,,,,,150 minutes,
24,Tracfone Samsung Galaxy A03s,Samsung,0.6 Pounds,China,TFSAS134DCP,1 Lithium Ion batteries required. (included),,5000,4.24.2,49,B09T2JFWKR,21-Feb-22,32 GB,6.5 Inches,3 GB,0.35 x 2.98 x 6.52 inches,,,,,,,,,,
25,SAMSUNG Galaxy S22 Cell Phone,Samsung Electronincs,5.89 Ounces,Vietnam,SM-S901UZKEXAA,1 Lithium Ion batteries required. (included),,3700 Milliamp Hours,4.44.4,745,B09MVYRBF6,9-Feb-22,256 GB,6.8 Inches,12 GB,10 x 7 x 3 inches,,,,,,,,,1.05 Hours,
26,SAMSUNG Galaxy S23+ Plus Cell Phone,SAMSUNG,196 Grams,Vietnam,SM-S916UZKAXAA,1 Lithium Ion batteries required. (included),,4700 Milliamp Hours,4.44.4,999,B0BLP4J9RR,1-Feb-23,256 GB,6.6 Inches,8 Gigabytes Per Second,,,,,,,,,,,
27,UBeesize Selfie Light for Phone,UBeesize,5.9 ounces,China,TBC001,1 Lithium Ion batteries required. (included),,,5.05.0,26,B0C5XMCDX6,22-May-23,,,,3.94 x 3.94 x 3.94 inches,,,,,,,,,,
28,OnePlus Nord N30 5G | Unlocked Dual-SIM Android Smart Phone | 6.7" LCD Display | 8 +128GB | 5000 mAh Battery | 50W Fast Charging | 108MP Camera | Chromatic Gray,?OnePlus,?1.04 pounds,?China,?CPH2513,?1 Lithium Ion batteries required. (included),?Chromatic Gray,?5000,4.34.3,299,,,,,,,,,,,,,,,,
29,Total by Verizon Samsung Galaxy A03s,SAMSUNG,0.8 Pounds,China,TVSAS134DCP,1 Lithium Ion batteries required. (included),,5000 Milliamp Hours,4.04.0,49,B0BBY6DHJ8,26-Sep-22,32 GB,6.51 Inches,3 GB,1.5 x 6.31 x 8.25 inches,,,,,,,,,218 minutes,
30,Google Pixel 6a - 5G Android Phone - Unlocked Smartphone with 12 Megapixel Camera and 24-Hour Battery - Chalk,Google,6.3 ounces,,GX7AS,1 Lithium Polymer batteries required. (included),Chalk,4410 Milliamp Hours,4.34.3,224,B0B3PQPNKS,18-Jul-22,128 GB,6.13 Inches,6 GB,6 x 2.8 x 0.35 inches,128 GB,Android,"Bluetooth, Wi-Fi, NFC",Wireless,"Rear, Front",Bar,"1m USB-C to USB-C cable (USB 2.0), SIM Tool, Quick Switch Adapter, Cell Phone, Quick Start Guide",178 Grams,111 minutes,
31,Total by Verizon Motorola Moto g Power,MOTOROLA INC,0.8 Pounds,China,TVMTXT2165DCP,1 Lithium Polymer batteries required. (included),,5000 Milliamp Hours,3.93.9,69,B0BBY973TF,26-Sep-22,128 GB,6.52 Inches,4 GB,1.5 x 6.31 x 8.25 inches,,,,,,,,,3 days,
32,Nokia C21 Plus | Android 11 (Go Edition) | Unlocked Smartphone | 2-Day Battery | Dual SIM | 2/64GB | 6.52-Inch Screen | Cyan,HMD Global Oy,6.3 ounces,China,TA-1425,1 Lithium Polymer batteries required. (included),Cyan,4000,5.05.0,99,B0C2T3CDGJ,"April 18, 2023",64 GB,6.52 Inches,2 GB,6.49 x 2.99 x 0.34 inches,2 GB,Android 11.0,"Bluetooth, Wi-Fi, USB",Wireless,"Rear, Front",Slate,"Power Adapter, USB Cable",6.28 Ounces,3 Hours,
33,Total by Verizon BLU View 2,BLU PRODUCTS,12.8 ounces,China,TVBLB131DCP,1 Lithium Ion batteries required. (included),BLACK,3 Milliamp Hours,4.04.0,29,B0BBXPDQ7N,3-Oct-22,32 GB,5.45 Inches,3 GB,1.5 x 6.31 x 8.25 inches,3 GB,Android 11.0,"Bluetooth, Wi-Fi, USB",Wireless,"Rear, Front",Smartphone,"User Manual, Service Guide, Charger, USB Cable",0.8 Pounds,4 Hours,
34,Tracfone Alcatel TCL A3,TCL,6.03 Ounces,China,TFALA509DCP,1 Lithium Ion batteries required. (included),,3000,4.04.0,39,B09CLN4LLN,14-Aug-21,32 GB,5.5 Inches,3 GB,7.25 x 1.65 x 10.25 inches,,,,,,,,,,
35,NUU B15 | Black | 48 MP | Quad-Camera | Unlocked (T-Mobile Only) | 6.78'' Full HD+ Display | 128GB | 90Hz | 18W Fast Charge | 5000 mAh | Fingerprint | Android 11 Wireless Earbuds Buds A,NUU,,,,,black,5000 Milliamp Hours,3.63.6,,B0BL6GWSJ1,2-Nov-22,128 GB,,,,,,Wi-Fi,Wireless,"Rear, Front",Smartphone,"EarBuds, Adapter, USB Cable",,,
36,Nokia XR21 5G | Android 12 | Unlocked Smartphone | Dual SIM | US Version | 6/128GB | 6.49-Inch Screen | 64MP Dual Camera | Midnight Black,HMD Global Oy,8.2 ounces,China,TA-1486,1 Lithium Polymer batteries required. (included),Midnight Black,,5.05.0,499,B0C9NXM214,26-Jun-23,6 GB,6.49 Inches,6 GB,6.61 x 3.09 x 0.41 inches,6 GB,Android 12.0,"Bluetooth, Wi-Fi, USB, NFC",Wireless,"Rear, Front",Slate,"Power Adapter, SIM Tray Ejector, USB Cable",8.15 Ounces,2 Hours,
37,Phone Tripod,UBeesize,0.023 ounces,China,KZ-02,1 Lithium Metal batteries required. (included),Black,,4.54.5,16,B07Y1PTQFR,6-Dec-19,,,,15.99 x 8.99 x 1 inches,,,,Photography,,,tripod,,,
38,Nokia 6300 4G | Unlocked | Dual SIM | WiFi Hotspot | Social Apps | Google Maps and Assistant | Light Charcoal,HMD Global Oy,3.7 Ounces,Vietnam,TA-1324,1 Lithium Ion batteries required. (included),,1500 Milliamp Hours,3.53.5,68,B08SV2Y7J6,8-Feb-21,4 GB,2.4 Inches,512 MB,4.91 x 2.09 x 0.54 inches,,,,,,,,,5 Watts,
39,NUU B15 | 3-Day Battery | 48 MP | Quad-Camera | Unlocked (T-Mobile Only) | 6.78'' Full HD+ Display | 128GB | 90Hz | 18W Fast Charge | 5000 mAh | Fingerprint | Android 11 | Black,NUU,7.2 ounces,,S6701L,1 Lithium Polymer batteries required. (included),Black,5000,3.83.8,,B09KYF9XCD,22-Nov-21,4 GB,6.78 Inches,4 GB,6.6 x 3.02 x 0.34 inches,4 GB,Android 11.0,Wireless,Wireless,"Rear, Front",Smartphone,"SIM Tray Ejector, Quick Reference Manual",203 Grams,2.5 Hours,
40,Nokia G10 | Android 11 | Unlocked Smartphone | 3-Day Battery | Dual SIM | US Version | 3/32GB | 6.52-Inch Screen | 13MP Triple Camera | Polar Night,HMD Global Oy,6.8 Ounces,,TA-1338,1 Lithium Polymer batteries required. (included),,5050 Milliamp Hours,3.73.7,199,B093QPTSK7,"April 30, 2021",512 GB,6.52 Inches,3 GB,6.49 x 2.99 x 0.36 inches,,,,,,,,,3 Hours,
41,SAMSUNG Galaxy Z Fold 4 Cell Phone,SAMSUNG,263 Grams,Vietnam,SM-F936UZEAXAA,2 Lithium Ion batteries required. (included),,4400 Milliamp Hours,4.24.2,"1,799.00",B0B3TP6BN8,10-Aug-22,256 GB,7.6 Inches,12 GB,6.85 x 5.87 x 1.14 inches,,,,,,,,,79 minutes,
42,TracFone Moto g Pure (2021),MOTOROLA INC,6.6 ounces,China,XT2163DL,1 Lithium Ion batteries required. (included),Blue,4000,5.05.0,24,B0C7LNLS9P,9-Jun-23,32 GB,6.5 Inches,3 GB,2.5 x 6.75 x 10.38 inches,3 GB,Android 11.0,"Bluetooth, Wi-Fi, USB",Wireless,Rear,Bar,"Service Guide, Quick Start Guide, Moto g PURE, USB Cable",6.63 Ounces,,
43,Alcatel 1 (16GB) 5.0" Full View Display,Alcatel,0.1 ounces,,5033E,1 Lithium Polymer batteries required.,Bluish Black,2000,3.83.8,,B085TCRFST,1-Sep-19,16 GB,5 Inches,1 GB,5.42 x 0.39 x 2.59 inches,1 GB,Android 8.1,Wi-Fi,Wireless,"Rear, Front",Slate,Power Adapter,0.1 Ounces,,
44,TracFone TCL Flip 2,ALCATEL,12.8 ounces,China,T408DL,1 Lithium Ion batteries required. (included),Black,1850,5.05.0,19,B0BV7HBJLJ,8-Feb-23,8 GB,1.4 Inches,1 GB,1.5 x 6.31 x 8.25 inches,1 GB,Android 11.0,"Bluetooth, Wi-Fi, USB",Wireless,Rear,Flip,"Service Guide, Quick Start Guide, TCL Flip 2, USB Cable",0.8 Pounds,,
45,SAMSUNG Galaxy S9+ Factory Unlocked Smartphone 64GB - Coral Blue - US Version [SM-G965UZBAXAA],Samsung,6.7 ounces,"Korea, Republic of",SM-G965UZBAXAA,1 Lithium Polymer batteries required. (included),Coral Blue,3500 Milliamp Hours,4.44.4,,B079JLWJK1,2-Feb-18,64 GB,6.2 Inches,6 GB,6.2 x 2.9 x 0.3 inches,6 GB,Android,"Bluetooth, Wi-Fi",Wireless,Super Speed Dual Pixel Rear Dual: 12MP OIS (F1.5/F2.4) 12MP OIS (F2.4) Front: 8MP AF (F1.7),Smartphone,"Samsung Galaxy S9+, Wall/USB Charger, Micro USB Connector, Stereo Headset, USB Connector, Quick Reference Guide, Terms and Conditions, Smart Switch Insert, SIM Ejector",189 Grams,,
46,45W USB C Super Fast Charger,"Shenzhen Topstar Industry Co.,Ltd.",3.52 ounces,China,AI-622,,,,4.64.6,18,B0BMQ5936M,17-Nov-22,,,,,,,,,,,,,,
47,iPhone Stand Holder,NONOUV,1.6 ounces,China,Stand-1,,,,,14,B0CBLSNFX3,11-Jul-23,,,,,,,,,,,,,,
48,Phone Tripod,UBeesize,13.1 ounces,China,Tripod E USA 002,1 Lithium Metal batteries required. (included),,,4.54.5,13,B07VTZTS4X,10-Oct-18,,,,,,,,,,,,,,
49,TP-Link Tapo 2K Indoor Security Camera for Baby Monitor,TP-Link,2.46 ounces,Vietnam,Tapo C110,,,,4.44.4,22,B09YL5G1Y8,4-May-22,,,,2.66 x 2.15 x 3.89 inches,,,,,,,,,,
50,Total by Verizon Samsung Galaxy A13 5G,SAMSUNG,12.8 ounces,China,TVSASS136DCP,1 Lithium Ion batteries required. (included),BLACK,5000 Milliamp Hours,3.83.8,79,B0BBY1HQTL,3-Oct-22,64 GB,6.5 Inches,4 GB,1.5 x 6.31 x 8.25 inches,4 GB,Android 11.0,"Bluetooth, Wi-Fi, USB",Wireless,"Rear, Front",Smartphone,"User Manual, Service Guide, Charger, USB Cable",0.8 Pounds,,
51,Nokia 2780 Flip | Unlocked | Verizon,HMD Global Oy,4.62 Ounces,USA,TA-1420,1 Lithium Ion batteries required. (included),,1450,3.83.8,89,B0BLD393H7,27-Nov-22,512 MB,2.8 Inches,512 MB,7.96 x 2.28 x 0.45 inches,,,,,,,,,3 Hours,
52,OnePlus 11 5G | 16GB RAM+256GB | Dual-SIM | Titan Black | US Factory Unlocked Android Smartphone | 5000 mAh battery | 80W Fast charging | Hasselblad Camera | 120Hz Fluid Display | 4nm Processor,OnePlus,7.2 ounces,China,CPH2451,1 Lithium Ion batteries required. (included),Titan Black,5000 Milliamp Hours,4.44.4,799,B0BNWPSCGB,25-Jan-23,256 GB,6.7 Inches,16 GB,6.42 x 2.92 x 0.33 inches,256,Android 13.0,"5G: n1/n2/n3/n5/n7/n8/n20/n25/n28/n30/n38/n41/n66/n71/n75/n76/n77/n78, 5G & 4G Carriers: T-Mobile, AT&T, Verizon Wireless, Visible, Mint Mobile, Google Fi, Ultra Mobile, Simple Wireless, Assurance Wireless, Metro By T-Mobile, Cricket, Altice, Tracfone ATT, Bell Mobility (Canada), Telus Mobility (Canada), Ztar (good2go mobile), Redpocket, Airvoice, Puretalk, Republic, Boost Mobile, Total Wireless, 4G LTE: B1/B2/B3/B4/B5/B7/B8/B12/B13/B17/B18/B19/B20/B25/B26/B28/B30/B32/B38/B39/B41/B46/B48/B66/B71, 4G Only Carriers: Freedom Mobile (Canada), Viaero, Rogers Wireless (Canada), GSM: 850/900/1800/1900 WCDMA: B1/2/4/5/6/8/19",Wireless,"Rear, Front",Bar,"OnePlus SUPERVOOC Power Adapter, Type-C Cable, Quick Start Guide, Welcome Letter, Safety Information and Warranty Card, SIM Tray Ejector, USB Dongle (Type-A to Type-C )",205 Grams,27 minutes,
53,Tracfone Motorola moto g Stylus 5G,Motorola,0.176 ounces,China,TFMTXT2131DCP,1 Lithium Ion batteries required. (included),Black,5000,4.24.2,155,B09CLP7ZFR,14-Aug-21,128 GB,6.8 Inches,4 GB,7.25 x 1.65 x 10.25 inches,4 GB,Android,Wi-Fi,Wireless,"Rear, Front",Slate,"Phone, Charger, Manual, SIM",0.01 Pounds,156 minutes,
54,Tracfone Samsung Galaxy A13 5G,Samsung,6.88 Ounces,USA,TFSAS136DCP,1 Lithium Ion batteries required. (included),,5000,4.34.3,89,B09X7G4FT4,1-May-22,64 GB,6.5 Inches,4 GB,3.01 x 0.34 x 6.47 inches,,,,,,,,,1 Hours,
55,OnePlus Nord N200 | Large 5000mAh Battery | 5G Unlocked Android Smartphone U.S Version | 64GB Storage | 6.49" Full HD+LCD Screen | 90Hz Smooth Display | Fast Charging | Triple Camera,OnePlus,0.01 Pounds,China,DE2117,1 Lithium Polymer batteries required. (included),,5000 Milliamp Hours,4.14.1,199,B07XWGWPH5,25-Jun-21,64 GB,6.49 Inches,4 GB,,,,,,,,,,,
56,NUU B20 5G | Unlocked Android Smartphone | 6.5” FHD+ Display | 90Hz Refresh Rate | 48MP Triple Camera | 128GB + 8GB RAM | 5000mAh Battery | 18W Fast Charge | Stardust Blue Buds A,NUU,,,,,clear,5000 Milliamp Hours,4.34.3,,B0BM3V961R,29-Nov-22,128 GB,,8 GB,,,android,Wi-Fi,Wireless,Rear,Smartphone,,,,
57,TCL 30 Z |2022| 6.1 Inch Unlocked Cell Phone with HD+ Display,TCL,9.9 ounces,,,,Black,3000 Milliamp Hours,3.23.2,,B0BNLYKGNG,29-Nov-22,32 GB,6.1 Inches,,,3 GB,Android 12.0,Wi-Fi,Wireless,"Rear, Front",Smartphone,"1 x TCL 30Z Android Phone, 1 x Quick Guide, 1 x Micro USB Cable, 1 x Charger (5V 1A)",,,
58,Ubeesize UB-DR121BK-new 12'' Ring Light with 62'' Selfie Stick Tripod,UBeesize,1.19 pounds,China,UB-DR121BK-new,1 Lithium Metal batteries required. (included),,,4.54.5,27,B09V58FYT4,25-Mar-22,,,,30 x 5 x 40 inches,,,,,,,,,,
59,SAMSUNG Galaxy S23+ Plus Cell Phone,SAMSUNG,196 Grams,Vietnam,SM-S916ULIAXAA,1 Lithium Ion batteries required. (included),,4700 Milliamp Hours,4.64.6,999,B0BLNZVRK2,1-Feb-23,256 GB,6.6 Inches,8 Gigabytes Per Second,,,,,,,,,,65 minutes,
60,SAMSUNG Galaxy S23 Ultra 5G SM-S918B/DS 256GB 12GB RAM,Samsung,10 ounces,,SM-S918,1 Lithium Polymer batteries required. (included),Black,50000 Milliamp Hours,4.24.2,,B0BSLBMCB2,1-Mar-19,256 GB,6.8 Inches,12 GB,6.8 x 3 x 0.4 inches,256 GB,Android 13.0,Wi-Fi,Wireless,Front,Slate,USB Cable,283 Grams,,
61,BLU G51 PLUS G0511WW 6.5" HD+ Infinity 64GB Dual-SIM 4G LTE GSM Smartphone,BLU,7 ounces,,,1 Lithium Ion batteries required. (included),Blue,,4.14.1,,B09PCD2VCC,28-Dec-21,64 GB,6.5 Inches,,9.25 x 6.75 x 3.25 inches,4 GB,Android 9.0,Wi-Fi,Wireless,"Rear, Front",Smartphone,USB Cable,0.44 Pounds,,
62,SAMSUNG Galaxy S21 FE 5G Cell Phone,Samsung Electronincs,6.7 ounces,Vietnam,SM-G990UZADXAA,1 Lithium Ion batteries required. (included),Graphite,4500 Milliamp Hours,4.54.5,549,B09BFTMQH9,11-Jan-22,128 GB,6.4 Inches,8 GB,6.7 x 3.4 x 2.44 inches,6 GB,Android 12.0,"Bluetooth, Wi-Fi, USB, NFC",Wireless,"Front, Rear, Video",Smartphone,TBD,190 Grams,75 minutes,
63,SAMSUNG Galaxy S22 Ultra Cell Phone,Samsung Electronincs,8.04 Ounces,Vietnam,SM-S908UZKEXAA,1 Lithium Ion batteries required. (included),,5000 Milliamp Hours,4.64.6,799,B09MW19JW2,9-Feb-22,256 GB,6.8 Inches,12 GB,6.43 x 3.07 x 0.35 inches,,,,,,,,,59 minutes,
64,SAMSUNG Galaxy S23 Cell Phone,SAMSUNG,168 Grams,Vietnam,SM-S911UZKAXAA,1 Lithium Ion batteries required. (included),,3900 Milliamp Hours,4.54.5,799,B0BLP2PY6N,1-Feb-23,128 GB,6.1 Inches,8 Gigabytes Per Second,,,,,,,,,,76 minutes,
65,BLU G91S | 4-Day Battery | Unlocked | 6.8” Full HD+ Display | 128GB | 48MP Triple Camera | US Version | US Warranty | Cyan,BLU,7.2 ounces,,,1 Lithium Ion batteries required. (included),Cyan,6000 Milliamp Hours,4.04.0,,B09RRSL97L,3-Feb-22,128 GB,6.8 Inches,,9.25 x 6.75 x 3.25 inches,,,Wi-Fi,Wireless,Rear,Smartphone,"Adapter, Screen Protector",0.45 Pounds,,
66,Google Pixel 6 – 5G Android Phone - Unlocked Smartphone with Wide and Ultrawide Lens - 128GB - Stormy Black,Google,6.2 Ounces,,GA02900-US,1 Lithium Polymer batteries required. (included),,4614 Milliamp Hours,4.34.3,199,B09HJZPFDD,19-Oct-21,128 GB,6.4 Inches,8 GB,6.24 x 2.94 x 0.35 inches,,,,,,,,,1.88 Hours,
67,Tracfone Motorola moto g Power (2021),Motorola,206.5 Grams,China,TFMTXT2165DCP,1 Lithium Ion batteries required. (included),,5000,4.04.0,69,B09NWDX31H,20-Dec-21,64 GB,6.5 Inches,4 GB,6.58 x 3.01 x 0.39 inches,,,,,,,,,,
68,Scosche MAGWDMB MagicMount Flex Neck Suction Cup Car Phone Mount for Dashboard/Windshield,SCOSCHE,5.1 ounces,China,MAGWDMB,,Black,,4.54.5,14,B00I608BHU,1-May-14,,,,3.6 x 3.84 x 5.62 inches,,,"Apple iPhone 14 / 14 Plus / 14 Pro / 14 Pro Max / SE 3 / 13 / 13 Pro / 13 Pro Max /13 Mini / 12 / 12 Pro / 12 Pro Max / 11 / 11 Pro / 11 Pro Max / X / XR / Xs / Xs Max / 8 / 8 Plus / 7 / 7 / 6 / 6S / Plus, iPad, iPad Air, iPad mini, iPad Pro, AirPods, AirPods Pro, Samsung Galaxy Note 20 / 10 / 9 / 8, Galaxy S22 Ultra 5G / S22 Plus / S21+ / S21 Ultra / S20 FE / S10+ / S9 / S9 Plus / S8 / S8+ / S7 / S7 Edge / S6 / S6 Edge, Galaxy A13 / A12 / A11 / A53 / A52 / A51 / A32 / A22/ A23 / A42 / A10E / A02S / A03S / A04S, Z Flip 4/3/2, Z Fold 4/3/2, Google Pixel 6 Pro/6/6a/5/5a/4a/4 xl/3a xl/3a/3 xl/2 XL, Google Pixel Slate/Galaxy Tab S3/ Pixel C, LG Stylo 6/5/4/3/2, LG G8/G7/G6/G5/G4/G3, LG V60/V50/V30/V20/ThinQ Q70, Blackberry, Motorola, Kindle Fire New HD 10 9 8, Sony, Nokia, XiaoMi, Huawei, Nintendo Switch, and other USB-C Devices",Wireless,,,MAGWDMB,,,
69,Nokia XR20 5G | Android 11 | Unlocked Smartphone | Dual SIM | 6/128GB | 6.67-Inch Screen | 48MP Dual Camera | Charcoal,HMD Global Oy,8.2 ounces,USA,TA-1371,1 Lithium Polymer batteries required. (included),Charcoal,4630,2.82.8,349,B09W8QC5SW,22-Mar-22,6 GB,6.67 Inches,6 GB,6.76 x 3.19 x 0.41 inches,6 GB,Android 11.0,"Bluetooth, Wi-Fi, USB, NFC",Wireless,"Rear, Front",Bar,"Power Adapter, Screen Protector, USB Cable",8.19 Ounces,3 Hours,
70,iOttie Velox Pro MagSafe Compatible Dash & Windshield Car Mount with Wireless Charging & CryoFlow™ Cooling System. Compatible with MagSafe iPhones Including iPhone 12/13/14 (Car Charger Included),iOttie,7 ounces,"Korea, Republic of",VLXWCG204,,Midnight Blue,,4.24.2,74,B0C15NG7V6,"April 27, 2023",,,,5 x 2.55 x 3.25 inches,,,,Wireless,,,"Car Mount, 18W Car Charger, Dash Pad, Quick Start Guide",,,
71,Total by Verizon BLU View 3,BLU PRODUCTS,12.8 ounces,China,TVBLB140DCP,1 Lithium Ion batteries required. (included),BLUE,3400 Milliamp Hours,5.05.0,59,B0BBYCKJZ6,26-Sep-22,32 GB,5.99 Inches,3 GB,1.5 x 6.31 x 8.25 inches,3 GB,Android 11.0,"Bluetooth, Wi-Fi, USB",Wireless,"Rear, Front",Smartphone,"User Manual, Service Guide, Charger, USB Cable",0.8 Pounds,,
72,Nokia G10 | Android 11 | Unlocked Smartphone | 3-Day Battery | Dual SIM | 3/64GB | 6.52-Inch Screen | 13MP Triple Camera | Polar Night,HMD Global Oy,6.8 ounces,China,TA-1338,1 Lithium Ion batteries required. (included),Blue,5050,5.05.0,109,B0C6FNC7SZ,1-May-23,3 GB,6.52 Inches,3 GB,6.49 x 2.99 x 0.36 inches,3 GB,Android,"Bluetooth, Wi-Fi, USB",Wireless,"Rear, Front",Slate,"Power Adapter, SIM Tray Ejector, Phone Case, Screen Protector, USB Cable",6.84 Ounces,3 Hours,
73,Samsung Galaxy S23 Ultra 5G (SM-S918B/DS) Dual SIM 256GB/ 8GB RAM,SAMSUNG,10 ounces,,SM-S918B/DS,,BLACK - 8GB+256GB,5000 Milliamp Hours,4.54.5,,B0BV19GMG1,6-Feb-23,256 GB,6.8 Inches,8 GB,6.43 x 3.07 x 0.35 inches,8,Android 13.0,"5G, Bluetooth, Wi-Fi, USB, LTE",Wireless,Rear,Slate,USB Cable,10 Ounces,59 minutes,
74,Plantronics 87300-41-RB Voyager Legend Wireless Bluetooth Headset - Black (Renewed),Plantronics,0.64 ounces,,MAIN-88852-RB,,Black,,4.04.0,150,B00TJ0PGDS,13-Feb-15,,,,4 x 2.5 x 0.4 inches,,,Wireless,Wireless,,On Ear,,0.04 Pounds,,
75,Samsung Galaxy S5,?Samsung,?5.1 ounces,,?SM-G900A,?1 Lithium Ion batteries required. (included),,,4.14.1,,?B00IZ1XJ3Q,"?March 21, 2014",,,,?2.85 x 0.32 x 5.6 inches,,,,,,,,,,
76,TracFone Nokia C200,Nokia,13 ounces,USA,TFNKN151DCP,1 Lithium Ion batteries required. (included),Grey,4000,3.43.4,69,B09X7D6GL1,1-May-22,32 GB,6.08 Inches,3 GB,2.88 x 0.34 x 6.16 inches,13 GB,Android 12.0,Wi-Fi,Wireless,"Rear, Front",Smartphone,"Phone, Charger, Activation Guide, Cable",,,
77,Nokia C300 | Verizon,HMD Global Oy,6.7 ounces,China,TA-1515,1 Lithium Polymer batteries required. (included),Ocean Blue,,5.05.0,139,B0C92C436C,26-Jun-23,3 GB,6.52 Inches,3 GB,6.56 x 3.02 x 0.34 inches,3 GB,Android 12.0,"Bluetooth, Wi-Fi, USB",Wireless,"Rear, Front",Slate,"Power Adapter, SIM Tray Ejector, USB Cable",6.7 Ounces,3 Hours,
78,Google Pixel 7a - Unlocked Android Cell Phone - Smartphone with Wide Angle Lens and 24-Hour Battery - 128 GB – Charcoal,Google,0.43 Pounds,Vietnam,GWKK3,1 Lithium Ion batteries required. (included),,4385 Milliamp Hours,4.14.1,499,B0BZ9XNBRB,10-May-23,128 GB,6.1 Inches,8 GB,6 x 2.8 x 0.4 inches,,,,,,,,,,
79,Nokia 110 4G | GSM Unlocked Mobile Phone | Volte | Black | International Version | Not AT&T/Cricket/Verizon Compatible,Nokia,3 ounces,Vietnam,TA-1395,1 Lithium Ion batteries required. (included),Black,1020,3.43.4,39,B09G782SXL,19-Mar-21,32 GB,1.8 Inches,128 MB,4.76 x 1.97 x 0.57 inches,0.15 GB,Series 30+,USB,Wireless,Rear,Bar,"Power Adapter, USB Cable",3 Ounces,3 Hours,
80,SAMSUNG Galaxy S23+ Plus Cell Phone,SAMSUNG,196 Grams,Vietnam,SM-S916UZKEXAA,1 Lithium Ion batteries required. (included),,4700 Milliamp Hours,4.44.4,"1,119.00",B0BLP3K28S,1-Feb-23,512 GB,6.6 Inches,8 Gigabytes Per Second,,,,,,,,,,,
81,PopSockets Phone Grip Compatible with MagSafe,PopSockets,2.08 ounces,China,113032,,Wakanda Forever,,4.64.6,41,B0C3SN71BM,"April 27, 2023",,,,,,,,Wireless,,,Phone Grip,,,
82,Simple Mobile Motorola Moto g Pure,MOTOROLA INC,0.8 Pounds,China,SMMTXT2163DCP,1 Lithium Polymer batteries required. (included),,4000 Milliamp Hours,4.44.4,59,B0BHF67H9N,5-Oct-22,32 GB,6.51 Inches,3 GB,2.04 x 6.31 x 8.25 inches,,,,,,,,,142 minutes,
83,Simple Mobile Samsung Galaxy A13 5G,SAMSUNG,0.8 Pounds,China,S136DL,1 Lithium Ion batteries required. (included),,5000 Milliamp Hours,4.04.0,99,B0BHF391YT,5-Oct-22,128 GB,6.5 Inches,4 GB,2.04 x 6.31 x 8.25 inches,,,,,,,,,,
84,Alcatel 1 (2021) 4G LTE Unlocked 5 inch 5MP Flash 5033E Quad Core Factory Unlocked Worldwide (NOT VERIZON Boost Cricket) Desbloqueado Android 11 (16GB,Alcatel,3.8 ounces,,5033D,1 Lithium Ion batteries required. (included),Volcano Black,,4.04.0,,B09GBKX685,"April 5, 2017",16 GB,5 Inches,,4.8 x 0.38 x 2.5 inches,1 GB,Android,Wi-Fi,Wireless,Front,,"charger, handsfree, quick guide, battery",3.8 Ounces,,
85,Nokia G50 5G | Android 11 | Unlocked Smartphone | US Version | 4/128GB | 6.82-Inch Screen | 48MP Triple Camera | Ocean Blue,HMD Global Oy,6.7 ounces,China,TA-1390,1 Lithium Polymer batteries required. (included),Ocean Blue,5000 Milliamp Hours,3.73.7,199,B09GW969LH,22-Sep-21,128 GB,6.82 Inches,512 GB,6.85 x 3.05 x 0.35 inches,4 GB,Android 11.0,"Bluetooth, Wi-Fi, USB, NFC",Wireless,"Rear, Front",Slate,"SIM Tray Ejector, Screen Protector, USB Cable",6.7 Ounces,3 Hours,
86,Nokia 5.3 Fully Unlocked Smartphone with 6.55" HD+ Screen,HMD Global,185 Grams,,TA-1223,1 Lithium Polymer batteries required. (included),,4000 Milliamp Hours,4.24.2,99,B088ZQ1J69,21-May-20,64 GB,6.55 Inches,4 GB,6.47 x 3.02 x 0.33 inches,,,,,,,,,,
87,Simple Mobile TCL 30 Z,ALCATEL,12.8 ounces,China,TVALT602DCP,1 Lithium Ion batteries required. (included),BLACK,3000 Milliamp Hours,3.73.7,39,B0BBY3VJBM,25-Aug-22,32 GB,6.1 Inches,3 GB,2.04 x 6.31 x 8.25 inches,3 GB,Android 12.0,"Bluetooth, Wi-Fi, USB",Wireless,"Rear, Front",Smartphone,"User Manual, Service Guide, Charger, USB Cable",0.8 Pounds,,
88,Motorola Edge + |2022| 4800mAh Battery | Unlocked | Made for US 8/512GB | 50MP Camera | Cosmos Blue,Motorola,6.9 ounces,China,PAT60001US,,Cosmos Blue,4800 Milliamp Hours,4.24.2,499,B09TG89P52,21-Mar-22,512 GB,6.7 Inches,6 GB,163 x 76 x 9 inches,8 GB,Android 12.0,"Bluetooth, Wi-Fi, NFC",Wireless,"Rear, Front",Smartphone,"SIM Tray Ejector, Adapter, USB Cable",196 Grams,58 minutes,
89,ZAGG InvisibleShield Fusion Curve Screen Protector for Samsung Galaxy S23 Ultra,ZAGG,2.89 ounces,China,200310854,,Clear,,3.23.2,28,B0BS9ZDYQJ,1-Feb-23,,,,8.74 x 4.65 x 0.5 inches,,,,Wireless,,,Screen Protector,,,
